Αρ. Μέλους;Όνομα Μέλους;Επώνυμο Μέλους;Ετος Γεννήσεως;Όνομα Πατρός;1. ΤΑΚΤΙΚΟ;Κιν. Τηλέφωνο Μέλους;e-mail Μέλους;Ημερομηνία Εισδοχής;Ημερομηνία Διελεύσεως;Ημερομηνία Εγέρσεως;Ημερομηνία Υιοθεσίας;Πληροφορίες Υιοθεσίας;Ημερομηνία Επαναφοράς;Ημερομηνία Αλλαγής Κατηγορίας τελών & εισφορών;Πληροφορίες Αλλαγής Κατηγορίας τελών & εισφορών;Τόπος Κατοικίας;Βαθμός;Παρόν Αξίωμα Εν τη Στοά:;Ημερομηνία εγκαταστασης ΝΕΩΝ Τεκτ. Αρχών;Αξίωμα Εν τη Μ. Στοά:;Λοιπες Παρατηρήσεις;Lodge mail;Στοά Υπ Αρ.;Σ. Στοά;Επαρχία
960003;ΠΑΥΛΟΣ;ΚΡΕΟΥΖΗΣ;1961;ΓΕΩΡΓΙΟΣ;1. ΤΑΚΤΙΚΟ;;;21/11/2023;12/03/2024;18/12/2024;;;;;1;ΕΛΕΥΣΙΝΑ;ΔΙΔΑΣΚΑΛΟΣ;Α Επόπτης;09/06/2026;;500;;96;ΘΕΜΙΣΤΟΚΛΗΣ;Πειραιως & Αιγαιου
960006;ΓΕΩΡΓΙΟΣ;ΜΑΡΤΣΟΥΚΟΣ;;;1. ΤΑΚΤΙΚΟ;;;;;;;;;;1;;ΔΙΔΑΣΚΑΛΟΣ;Πρώην Σ.Δ.;;;200;;96;ΘΕΜΙΣΤΟΚΛΗΣ;Πειραιως & Αιγαιου
960007;ΔΗΜΗΤΡΙΟΣ;ΣΙΩΝΗΣ;;;1. ΤΑΚΤΙΚΟ;;;17/04/2018;04/12/2018;19/03/2019;;;;;1;;ΔΙΔΑΣΚΑΛΟΣ;Πρώην Σ.Δ.;;;;;96;ΘΕΜΙΣΤΟΚΛΗΣ;Πειραιως & Αιγαιου
960008;ΔΗΜΗΤΡΙΟΣ;ΣΚΙΑΔΟΠΟΥΛΟΣ;;;1. ΤΑΚΤΙΚΟ;;;;;;;;;;;;ΔΙΔΑΣΚΑΛΟΣ;Θυσαυροφύλαξ;09/06/2026;;;;96;ΘΕΜΙΣΤΟΚΛΗΣ;Πειραιως & Αιγαιου
960009;ΣΠΥΡΙΔΩΝ;ΣΚΙΑΔΟΠΟΥΛΟΣ;;;1. ΤΑΚΤΙΚΟ;;;;;;;;;;1;;ΔΙΔΑΣΚΑΛΟΣ;Αμέσως Πρωην Σ.Δ.;09/06/2026;;;;96;ΘΕΜΙΣΤΟΚΛΗΣ;Πειραιως & Αιγαιου
960015;ΣΩΤΗΡΙΟΣ;ΧΑΡΑΛΑΜΠΟΥΣ;;;4. ΥΙΟΘΕΤΗΜΕΝΟ;;;;;;;δεν προσηλθε ποτε;;;200;;ΔΙΔΑΣΚΑΛΟΣ;Άλλο ή Άνευ Αξιώματος;;;450;;96;ΘΕΜΙΣΤΟΚΛΗΣ;Πειραιως & Αιγαιου
960018;ΔΗΜΗΤΡΗΣ;ΖΩΓΡΑΦΑΚΗΣ;1978;ΓΕΩΡΓΙΟΣ;4. ΥΙΟΘΕΤΗΜΕΝΟ;;;;;;16/04/2024;ΒΥΖΑΣ 44;;;20;ΑΘΗΝΑ;ΔΙΔΑΣΚΑΛΟΣ;Πρώην Σ.Δ.;;;;;96;ΘΕΜΙΣΤΟΚΛΗΣ;Πειραιως & Αιγαιου
960019;ΑΘΑΝΑΣΙΟΣ;ΖΑΧΑΡΟΠΟΥΛΟΣ;1991;ΑΝΤΩΝΙΟΣ;4. ΥΙΟΘΕΤΗΜΕΝΟ;;;;;;01/04/2025;ΑΛΛΗ ΤΕΚΤΟΝΙΚΗ ΔΥΝΑΜΗ;;;0;ΑΘΗΝΑ;ΔΙΔΑΣΚΑΛΟΣ;Γραμματεύς;09/06/2026;;;;96;ΘΕΜΙΣΤΟΚΛΗΣ;Πειραιως & Αιγαιου
960020;ΝΙΚΟΛΑΟΣ;ΜΩΡΑΙΤΗΣ;1974;ΕΥΑΓΓΕΛΟΣ;4. ΥΙΟΘΕΤΗΜΕΝΟ;;;;;;;ΒΥΖΑΣ 44;;;;ΒΑΡΗ;ΔΙΔΑΣΚΑΛΟΣ;Σεβάσμιος Διδ.;09/06/2026;;120;;96;ΘΕΜΙΣΤΟΚΛΗΣ;Πειραιως & Αιγαιου
960021;ΜΑΡΙΟΣ;ΤΣΟΥΚΑΤΟΣ;1968;ΠΑΝΑΓΙΩΤΗΣ;1. ΤΑΚΤΙΚΟ;;;18/06/2024;12/02/2025;09/12/2025;;;;;;ΓΛΥΦΑΔΑ;ΔΙΔΑΣΚΑΛΟΣ;Β Επόπτης;09/06/2026;;500;;96;ΘΕΜΙΣΤΟΚΛΗΣ;Πειραιως & Αιγαιου
960022;ΙΩΑΝΝΗΣ;ΣΙΓΑΛΑΣ;;;4. ΥΙΟΘΕΤΗΜΕΝΟ;;;;;;11/11/2025;ΒΥΖΑΣ 44;;;;ΒΡΙΛΗΣΣΙΑ;ΔΙΔΑΣΚΑΛΟΣ;Άλλο ή Άνευ Αξιώματος;;;120;;96;ΘΕΜΙΣΤΟΚΛΗΣ;Πειραιως & Αιγαιου
960023;ΙΩΑΝΝΗΣ;ΔΗΜΟΠΑΝΑΓΟΣ;1981;ΣΠΥΡΙΔΩΝ;4. ΥΙΟΘΕΤΗΜΕΝΟ;;;06/02/2017;12/03/2019;07/05/2020;15/10/2024;ΑΤΛΑΝΤΙΣ 107;;;;ΡΟΔΟΣ;ΔΙΔΑΣΚΑΛΟΣ;Άλλο ή Άνευ Αξιώματος;;;220;;96;ΘΕΜΙΣΤΟΚΛΗΣ;Πειραιως & Αιγαιου
960025;ΠΑΝΑΓΙΩΤΗΣ;ΡΗΓΑΣ;1978;ΒΑΣΙΛΕΙΟΣ;1. ΤΑΚΤΙΚΟ;;;12/11/2024;12/02/2025;09/12/2025;;;;;;ΦΙΛΟΘΕΗ;ΔΙΔΑΣΚΑΛΟΣ;Άλλο ή Άνευ Αξιώματος;;;470;;96;ΘΕΜΙΣΤΟΚΛΗΣ;Πειραιως & Αιγαιου
960028;ΑΡΙΣΤΟΤΕΛΗΣ;ΞΑΝΘΟΠΟΥΛΟΣ;1979;ΑΒΡΑΑΜ;4. ΥΙΟΘΕΤΗΜΕΝΟ;;;06/02/2017;12/03/2019;07/05/2024;15/10/2024;ΑΤΛΑΝΤΙΣ 107;;;;ΜΥΚΟΝΟΣ;ΔΙΔΑΣΚΑΛΟΣ;Άλλο ή Άνευ Αξιώματος;;;120;;96;ΘΕΜΙΣΤΟΚΛΗΣ;Πειραιως & Αιγαιου
960031;ΓΙΩΡΓΑΚ;ΜΟΡΑΒΑ;1982;ΒΑΣΙΛΑΚ;4. ΥΙΟΘΕΤΗΜΕΝΟ;;;14/01/2025;22/02/2025;01/04/2025;;;;;;ΜΥΚΟΝΟΣ;ΔΙΔΑΣΚΑΛΟΣ;Άλλο ή Άνευ Αξιώματος;;;;;96;ΘΕΜΙΣΤΟΚΛΗΣ;Πειραιως & Αιγαιου
960032;ΣΤΑΥΡΟΣ;ΓΕΩΡΓΟΠΟΥΛΟΣ;1977;ΕΥΑΓΓΕΛΟΣ;1. ΤΑΚΤΙΚΟ;;;14/01/2025;12/11/2025;09/12/2025;;;;;;ΑΘΗΝΑ;ΔΙΔΑΣΚΑΛΟΣ;Άλλο ή Άνευ Αξιώματος;;;;;96;ΘΕΜΙΣΤΟΚΛΗΣ;Πειραιως & Αιγαιου
960033;ΔΗΜΗΤΡΗΣ;ΛΑΖΑΡΙΔΗΣ;1978;ΝΙΚΟΛΑΟΣ;1. ΤΑΚΤΙΚΟ;;;14/01/2025;12/11/2025;09/12/2025;;;;;;ΓΛΥΦΑΔΑ;ΔΙΔΑΣΚΑΛΟΣ;Άλλο ή Άνευ Αξιώματος;;;;;96;ΘΕΜΙΣΤΟΚΛΗΣ;Πειραιως & Αιγαιου
960034;ΒΑΣΙΛΗΣ;ΤΣΙΤΟΥΡΑΣ;1974;ΗΛΙΑΣ;1. ΤΑΚΤΙΚΟ;;;11/11/2025;;;;;;;;ΘΕΣΣΑΛΟΝΙΚΗ;ΜΑΘΗΤΗΣ;;;;;;96;ΘΕΜΙΣΤΟΚΛΗΣ;Πειραιως & Αιγαιου
960035;ΛΑΜΠΡΟΣ;ΤΣΟΥΤΣΑΣ;1997;ΔΗΜΗΤΡΙΟΣ;1. ΤΑΚΤΙΚΟ;;;11/11/2025;;;;;;;;ΧΟΛΑΡΓΟΣ;ΜΑΘΗΤΗΣ;;;;;;96;ΘΕΜΙΣΤΟΚΛΗΣ;Πειραιως & Αιγαιου
960036;ΛΕΩΝΙΔΑΣ;ΔΙΑΜΑΝΤΟΠΟΥΛΟΣ;2001;ΝΙΚΗΤΑΣ;1. ΤΑΚΤΙΚΟ;;;11/11/2025;;;;;;;;ΑΛΙΜΟΣ;ΜΑΘΗΤΗΣ;;;;;;96;ΘΕΜΙΣΤΟΚΛΗΣ;Πειραιως & Αιγαιου
960037;ΒΑΣΙΛΗΣ;ΚΕΡΑΝΗΣ;1960;ΜΙΧΑΗΛ;1. ΤΑΚΤΙΚΟ;;;10/02/2026;;;;;;;;ΦΙΛΟΘΕΗ;ΜΑΘΗΤΗΣ;;;;;;96;ΘΕΜΙΣΤΟΚΛΗΣ;Πειραιως & Αιγαιου
960038;ΝΙΚΟΛΑΟΣ;ΣΤΥΛΙΑΝΟΣ;1988;ΓΕΩΡΓΙΟΣ;1. ΤΑΚΤΙΚΟ;;;10/02/2026;;;;;;;;ΓΑΛΑΤΣΙ;ΜΑΘΗΤΗΣ;;;;;;96;ΘΕΜΙΣΤΟΚΛΗΣ;Πειραιως & Αιγαιου
